-- Progettazione Web 
DROP DATABASE if exists guidi_607453; 
CREATE DATABASE guidi_607453; 
USE guidi_607453; 
-- MySQL dump 10.13  Distrib 5.7.28, for Win64 (x86_64)
--
-- Host: localhost    Database: guidi_607453
-- ------------------------------------------------------
-- Server version	5.7.28

/*!40101 SET @OLD_CHARACTER_SET_CLIENT=@@CHARACTER_SET_CLIENT */;
/*!40101 SET @OLD_CHARACTER_SET_RESULTS=@@CHARACTER_SET_RESULTS */;
/*!40101 SET @OLD_COLLATION_CONNECTION=@@COLLATION_CONNECTION */;
/*!40101 SET NAMES utf8 */;
/*!40103 SET @OLD_TIME_ZONE=@@TIME_ZONE */;
/*!40103 SET TIME_ZONE='+00:00' */;
/*!40014 SET @OLD_UNIQUE_CHECKS=@@UNIQUE_CHECKS, UNIQUE_CHECKS=0 */;
/*!40014 SET @OLD_FOREIGN_KEY_CHECKS=@@FOREIGN_KEY_CHECKS, FOREIGN_KEY_CHECKS=0 */;
/*!40101 SET @OLD_SQL_MODE=@@SQL_MODE, SQL_MODE='NO_AUTO_VALUE_ON_ZERO' */;
/*!40111 SET @OLD_SQL_NOTES=@@SQL_NOTES, SQL_NOTES=0 */;

--
-- Table structure for table `amicizia`
--

DROP TABLE IF EXISTS `amicizia`;
/*!40101 SET @saved_cs_client     = @@character_set_client */;
/*!40101 SET character_set_client = utf8 */;
CREATE TABLE `amicizia` (
  `Mittente` varchar(60) NOT NULL,
  `Destinatario` varchar(60) NOT NULL,
  `Stato` varchar(20) NOT NULL DEFAULT 'sospesa',
  PRIMARY KEY (`Mittente`,`Destinatario`)
) ENGINE=InnoDB DEFAULT CHARSET=utf8mb4;
/*!40101 SET character_set_client = @saved_cs_client */;

--
-- Dumping data for table `amicizia`
--

LOCK TABLES `amicizia` WRITE;
/*!40000 ALTER TABLE `amicizia` DISABLE KEYS */;
INSERT INTO `amicizia` VALUES ('dario00','marco32','accettata'),('dario00','pippo20','accettata');
/*!40000 ALTER TABLE `amicizia` ENABLE KEYS */;
UNLOCK TABLES;

--
-- Table structure for table `cambioturno`
--

DROP TABLE IF EXISTS `cambioturno`;
/*!40101 SET @saved_cs_client     = @@character_set_client */;
/*!40101 SET character_set_client = utf8 */;
CREATE TABLE `cambioturno` (
  `Partita` int(11) NOT NULL,
  `Turno` int(11) NOT NULL,
  PRIMARY KEY (`Partita`,`Turno`)
) ENGINE=InnoDB DEFAULT CHARSET=utf8mb4;
/*!40101 SET character_set_client = @saved_cs_client */;

--
-- Dumping data for table `cambioturno`
--

LOCK TABLES `cambioturno` WRITE;
/*!40000 ALTER TABLE `cambioturno` DISABLE KEYS */;
INSERT INTO `cambioturno` VALUES (99,0),(99,1),(99,2),(99,3),(99,4),(99,5),(99,6),(99,7),(99,8),(99,9),(99,10),(99,11),(100,0),(101,0),(101,1),(101,2),(102,0),(102,1),(102,2),(103,0),(103,1),(103,2),(103,3),(103,4),(105,0),(105,1),(106,0),(106,1),(106,2),(106,3),(107,0),(107,1),(107,2),(108,0),(108,1),(108,2),(108,3),(108,4),(109,0),(109,1),(109,2),(109,3),(109,4),(110,0),(110,1),(110,2),(110,3),(110,4),(110,5),(110,6),(110,7),(110,8),(110,9),(110,10),(110,11),(110,12),(110,13),(110,14),(111,0),(111,1),(111,2),(111,3),(111,4),(112,0),(112,1),(112,2),(112,3),(112,4),(112,5),(112,6),(112,7),(112,8),(113,0),(113,1),(113,2),(114,0),(114,1),(114,2),(114,3),(114,4),(114,5),(115,0),(115,1),(115,2),(115,3),(115,4),(115,5),(115,6),(115,7),(116,0),(116,1),(116,2),(116,3),(117,0),(117,1),(117,2),(117,3),(118,0),(118,1),(118,2),(118,3),(119,0),(119,1),(119,2),(119,3),(119,4),(119,5),(119,6),(119,7),(119,8),(119,9),(119,10),(119,11),(119,12),(119,13),(119,14),(119,15),(119,16),(119,17),(119,18),(119,19),(119,20),(119,21),(119,22),(119,23),(119,24),(119,25),(119,26),(119,27),(119,28),(119,29),(119,30),(119,31),(119,32),(119,33),(119,34),(119,35),(119,36),(119,37),(119,38),(119,39),(119,40),(119,41),(119,42),(120,0),(120,1),(120,2),(120,3),(120,4),(120,5),(120,6),(120,7),(120,8),(120,9),(120,10),(120,11),(120,12),(120,13),(120,14),(120,15),(120,16),(120,17),(120,18),(120,19),(120,20),(120,21),(120,22),(120,23),(120,24),(120,25),(120,26),(120,27),(120,28),(120,29),(120,30),(120,31),(120,32),(120,33),(120,34),(120,35),(120,36),(120,37),(120,38),(121,0),(121,1),(121,2),(121,3),(121,4),(121,5),(121,6),(121,7),(121,8),(121,9),(121,10),(121,11),(121,12),(121,13),(121,14),(121,15),(121,16),(121,17),(121,18),(121,19),(121,20),(121,21),(121,22),(121,23),(121,24),(121,25),(121,26),(121,27),(121,28),(121,29),(121,30),(122,0),(122,1),(122,2),(122,3),(122,4),(122,5),(122,6),(122,7),(122,8),(122,9),(122,10),(122,11),(122,12),(122,13),(122,14),(122,15),(122,16),(122,17),(122,18),(122,19),(123,0),(123,1),(123,2),(123,3),(123,4),(123,5),(123,6),(123,7),(123,8),(123,9),(123,10),(123,11),(123,12),(123,13),(123,14),(123,15),(123,16),(123,17),(123,18),(123,19),(123,20),(123,21),(123,22),(123,23),(123,24),(123,25),(123,26),(123,27),(123,28),(123,29),(123,30),(123,31),(123,32),(123,33),(123,34),(123,35),(123,36),(123,37),(123,38),(123,39),(123,40),(123,41),(123,42),(123,43),(123,44),(123,45),(123,46),(123,47),(123,48),(123,49),(123,50),(123,51),(123,52),(123,53),(123,54),(123,55),(123,56),(123,57),(123,58),(123,59),(123,60),(123,61),(123,62),(123,63),(123,64),(123,65),(123,66),(123,67),(123,68),(123,69),(123,70),(123,71),(123,72),(123,73),(123,74),(123,75),(123,76),(123,77),(123,78),(123,79),(123,80),(124,0),(124,1),(124,2),(124,3),(125,0),(125,1),(125,2),(125,3),(125,4),(125,5),(125,6),(125,7),(125,8),(125,9),(125,10),(125,11),(125,12),(125,13),(125,14),(125,15),(125,16),(125,17),(125,18),(125,19),(125,20),(125,21),(125,22),(125,23),(125,24),(125,25),(125,26),(125,27),(125,28),(125,29),(125,30),(125,31),(125,32),(125,33),(125,34),(125,35),(125,36),(125,37),(125,38),(125,39),(125,40),(125,41),(125,42),(125,43),(125,44),(125,45),(125,46),(125,47),(125,48),(125,49),(125,50),(125,51),(125,52),(125,53),(125,54),(125,55),(125,56),(125,57),(131,0),(133,0),(133,1),(133,2),(133,3),(133,4),(133,5),(133,6),(133,7),(133,8),(133,9),(133,10),(133,11),(133,12),(133,13),(133,14),(133,15),(133,16),(133,17),(133,18),(133,19),(133,20),(133,21),(133,22),(133,23),(133,24),(133,25),(133,26),(133,27),(133,28),(133,29),(133,30),(133,31),(133,32),(133,33),(133,34),(133,35),(133,36),(133,37),(133,38),(133,39),(133,40),(133,41),(133,42),(133,43),(133,44),(133,45),(133,46),(133,47),(133,48),(133,49),(133,50),(133,51),(133,52),(133,53),(133,54),(133,55),(133,56),(133,57),(133,58),(133,59),(133,60),(133,61),(133,62),(133,63),(133,64),(133,65),(133,66),(133,67),(133,68),(134,0),(134,1),(134,2),(134,3),(134,4),(134,5),(134,6),(134,7),(136,0),(136,1),(136,2),(136,3),(136,4),(137,0),(137,1),(137,2),(137,3),(137,4),(138,0),(139,0),(139,1),(139,2),(139,3),(139,4),(140,0),(140,1),(140,2),(140,3),(140,4),(140,5),(140,6),(140,7),(143,0),(143,1),(143,2),(143,3),(143,4),(144,0),(145,0),(145,1),(146,0),(146,1),(146,2),(147,0),(147,1),(148,0),(148,1),(148,2),(148,3),(148,4),(148,5),(148,6),(149,0),(149,1),(149,2),(149,3),(149,4),(149,5),(149,6),(149,7),(149,8),(149,9),(149,10),(149,11),(149,12),(149,13),(149,14),(149,15),(149,16),(149,17),(149,18),(149,19),(149,20),(149,21),(149,22),(149,23),(149,24),(149,25),(149,26),(150,0),(150,1),(150,2),(150,3),(150,4),(150,5),(150,6),(150,7),(150,8),(150,9),(150,10),(150,11),(150,12),(150,13),(150,14),(150,15),(150,16),(150,17),(150,18),(151,0),(151,1),(151,2),(151,3),(151,4),(151,5),(151,6),(151,7),(151,8),(151,9),(151,10),(151,11),(151,12),(151,13),(151,14),(151,15),(151,16),(151,17),(151,18),(151,19),(151,20),(151,21),(153,0),(153,1),(153,2),(153,3),(153,4),(153,5),(153,6),(153,7),(153,8),(153,9),(153,10),(153,11),(153,12),(153,13),(153,14),(153,15),(153,16),(153,17),(153,18),(153,19),(153,20),(153,21),(153,22),(153,23),(153,24),(154,0),(154,1),(154,2),(154,3),(154,4),(154,5),(154,6),(154,7),(154,8),(154,9),(154,10),(154,11),(154,12),(154,13),(154,14),(154,15),(154,16),(154,17),(154,18),(154,19),(154,20),(154,21),(154,22),(154,23),(154,24),(154,25),(154,26),(154,27),(154,28),(154,29),(154,30),(154,31),(154,32),(154,33),(154,34),(154,35),(154,36),(154,37),(154,38),(154,39),(154,40),(154,41),(154,42),(154,43),(154,44),(154,45),(154,46),(154,47),(154,48),(154,49),(154,50),(154,51),(154,52),(154,53),(158,0),(158,1),(158,2),(158,3),(158,4),(158,5),(158,6),(158,7),(158,8),(158,9),(159,0),(159,1),(159,2),(165,0),(165,1),(165,2),(165,3),(165,4),(165,5),(165,6),(165,7),(165,8),(165,9),(165,10),(165,11),(165,12),(165,13),(165,14),(165,15),(165,16),(165,17),(165,18),(165,19),(165,20),(165,21),(165,22),(165,23),(165,24),(165,25),(165,26),(165,27),(165,28);
/*!40000 ALTER TABLE `cambioturno` ENABLE KEYS */;
UNLOCK TABLES;

--
-- Table structure for table `invitopartita`
--

DROP TABLE IF EXISTS `invitopartita`;
/*!40101 SET @saved_cs_client     = @@character_set_client */;
/*!40101 SET character_set_client = utf8 */;
CREATE TABLE `invitopartita` (
  `Mittente` varchar(60) NOT NULL,
  `Destinatario` varchar(60) NOT NULL,
  `IstanteInvito` timestamp NOT NULL DEFAULT CURRENT_TIMESTAMP,
  `Stato` varchar(20) NOT NULL DEFAULT 'sospeso',
  PRIMARY KEY (`Mittente`,`Destinatario`,`IstanteInvito`)
) ENGINE=InnoDB DEFAULT CHARSET=utf8mb4;
/*!40101 SET character_set_client = @saved_cs_client */;

--
-- Dumping data for table `invitopartita`
--

LOCK TABLES `invitopartita` WRITE;
/*!40000 ALTER TABLE `invitopartita` DISABLE KEYS */;
/*!40000 ALTER TABLE `invitopartita` ENABLE KEYS */;
UNLOCK TABLES;

--
-- Table structure for table `messaggio`
--

DROP TABLE IF EXISTS `messaggio`;
/*!40101 SET @saved_cs_client     = @@character_set_client */;
/*!40101 SET character_set_client = utf8 */;
CREATE TABLE `messaggio` (
  `Partita` int(11) NOT NULL,
  `Mittente` varchar(60) NOT NULL,
  `Destinatario` varchar(60) NOT NULL,
  `IstanteMessaggio` timestamp NOT NULL DEFAULT CURRENT_TIMESTAMP,
  `Contenuto` varchar(200) NOT NULL,
  PRIMARY KEY (`Partita`,`Mittente`,`Destinatario`,`IstanteMessaggio`)
) ENGINE=InnoDB DEFAULT CHARSET=utf8mb4;
/*!40101 SET character_set_client = @saved_cs_client */;

--
-- Dumping data for table `messaggio`
--

LOCK TABLES `messaggio` WRITE;
/*!40000 ALTER TABLE `messaggio` DISABLE KEYS */;
/*!40000 ALTER TABLE `messaggio` ENABLE KEYS */;
UNLOCK TABLES;

--
-- Table structure for table `mossa`
--

DROP TABLE IF EXISTS `mossa`;
/*!40101 SET @saved_cs_client     = @@character_set_client */;
/*!40101 SET character_set_client = utf8 */;
CREATE TABLE `mossa` (
  `Turno` int(11) NOT NULL,
  `Partita` int(11) NOT NULL,
  `IstanteMossa` timestamp NOT NULL DEFAULT CURRENT_TIMESTAMP,
  `Giocatore` varchar(60) NOT NULL,
  `lastX` int(11) NOT NULL,
  `lastY` int(11) NOT NULL,
  `newX` int(11) NOT NULL,
  `newY` int(11) NOT NULL,
  `eatX` int(11) DEFAULT NULL,
  `eatY` int(11) DEFAULT NULL,
  PRIMARY KEY (`Turno`,`Partita`,`IstanteMossa`)
) ENGINE=InnoDB DEFAULT CHARSET=utf8mb4;
/*!40101 SET character_set_client = @saved_cs_client */;

--
-- Dumping data for table `mossa`
--

LOCK TABLES `mossa` WRITE;
/*!40000 ALTER TABLE `mossa` DISABLE KEYS */;
INSERT INTO `mossa` VALUES (0,93,'2024-08-26 23:27:35','pippo20',5,4,4,3,NULL,NULL),(0,94,'2024-08-26 23:29:22','dario00',5,4,4,3,NULL,NULL),(0,95,'2024-08-26 23:32:51','pippo20',5,6,4,5,NULL,NULL),(0,96,'2024-08-26 23:44:07','pippo20',5,6,4,5,NULL,NULL),(0,97,'2024-08-26 23:48:52','pippo20',5,6,4,5,NULL,NULL),(0,98,'2024-08-26 23:55:29','pippo20',5,4,4,5,NULL,NULL),(0,99,'2024-08-27 00:07:20','pippo20',5,6,4,5,NULL,NULL),(0,100,'2024-08-27 00:14:30','pippo20',5,2,3,4,4,3),(0,101,'2024-08-27 00:14:48','pippo20',5,2,3,4,4,3),(0,101,'2024-08-27 00:14:51','pippo20',5,4,4,3,NULL,NULL),(0,102,'2024-08-27 00:18:38','pippo20',5,4,4,3,NULL,NULL),(0,103,'2024-08-27 00:30:23','pippo20',5,2,4,3,NULL,NULL),(0,105,'2024-08-27 00:38:37','pippo20',5,6,4,5,NULL,NULL),(0,106,'2024-08-27 00:47:03','pippo20',5,4,4,3,NULL,NULL),(0,107,'2024-08-27 00:52:19','pippo20',5,6,4,5,NULL,NULL),(0,108,'2024-08-27 00:56:46','pippo20',5,6,4,5,NULL,NULL),(0,109,'2024-08-27 00:59:22','pippo20',5,6,4,5,NULL,NULL),(0,110,'2024-08-27 01:08:29','pippo20',5,6,4,5,NULL,NULL),(0,111,'2024-08-27 01:52:32','pippo20',5,6,4,5,NULL,NULL),(0,112,'2024-08-27 02:01:14','pippo20',5,4,4,3,NULL,NULL),(0,113,'2024-08-27 02:11:42','pippo20',5,4,4,3,NULL,NULL),(0,114,'2024-08-27 02:15:24','pippo20',5,4,4,3,NULL,NULL),(0,115,'2024-08-27 02:27:05','pippo20',5,4,4,3,NULL,NULL),(0,116,'2024-08-27 02:33:33','pippo20',5,4,4,3,NULL,NULL),(0,117,'2024-08-27 02:36:51','pippo20',5,6,4,5,NULL,NULL),(0,118,'2024-08-27 02:39:33','pippo20',5,4,4,3,NULL,NULL),(0,119,'2024-08-27 02:41:37','pippo20',5,4,4,3,NULL,NULL),(0,120,'2024-08-27 02:55:25','pippo20',5,4,4,5,NULL,NULL),(0,121,'2024-08-27 12:32:41','pippo20',5,2,4,3,NULL,NULL),(0,122,'2024-08-27 12:43:36','dario00',5,4,4,3,NULL,NULL),(0,123,'2024-08-27 12:57:12','pippo20',5,6,4,5,NULL,NULL),(0,124,'2024-08-27 13:54:07','dario00',5,6,4,5,NULL,NULL),(0,125,'2024-08-29 09:22:39','gabbone',5,6,4,5,NULL,NULL),(0,131,'2024-09-03 14:29:02','dario00',5,6,4,5,NULL,NULL),(0,133,'2024-09-03 14:39:09','dario00',5,6,4,7,NULL,NULL),(0,134,'2024-09-03 15:05:57','dario00',5,6,4,5,NULL,NULL),(0,136,'2024-09-03 15:11:29','pippo20',5,4,4,3,NULL,NULL),(0,137,'2024-09-03 15:12:43','pippo20',5,4,4,3,NULL,NULL),(0,138,'2024-09-03 15:29:49','pippo20',5,4,4,3,NULL,NULL),(0,139,'2024-09-03 15:39:20','pippo20',5,4,4,3,NULL,NULL),(0,140,'2024-09-03 15:41:02','pippo20',5,2,4,3,NULL,NULL),(0,143,'2024-09-03 16:10:19','pippo20',5,6,4,5,NULL,NULL),(0,144,'2024-09-03 16:13:55','pippo20',5,6,4,5,NULL,NULL),(0,145,'2024-09-03 16:14:53','dario00',5,4,4,5,NULL,NULL),(0,146,'2024-09-03 16:17:01','pippo20',5,4,4,3,NULL,NULL),(0,147,'2024-09-03 16:19:19','dario00',5,6,4,5,NULL,NULL),(0,148,'2024-09-03 16:23:37','dario00',5,4,4,3,NULL,NULL),(0,149,'2024-09-04 11:05:21','pippo20',5,4,4,3,NULL,NULL),(0,150,'2024-09-04 11:20:07','pippo20',5,2,4,3,NULL,NULL),(0,151,'2024-09-04 11:25:18','pippo20',5,4,4,3,NULL,NULL),(0,153,'2024-09-04 11:36:58','pippo20',5,2,4,1,NULL,NULL),(0,154,'2024-09-04 11:43:55','dario00',5,6,4,5,NULL,NULL),(0,158,'2024-09-04 14:46:29','pippo20',5,4,4,5,NULL,NULL),(0,159,'2024-09-04 15:27:45','pippo20',5,6,4,5,NULL,NULL),(0,165,'2024-09-04 16:57:25','dario00',5,2,4,3,NULL,NULL),(0,168,'2024-09-04 17:32:36','marco32',5,4,4,3,NULL,NULL),(1,93,'2024-08-26 23:27:56','dario00',5,2,4,3,NULL,NULL),(1,94,'2024-08-26 23:29:26','pippo20',5,2,4,3,NULL,NULL),(1,95,'2024-08-26 23:32:56','dario00',5,4,4,3,NULL,NULL),(1,96,'2024-08-26 23:44:14','dario00',5,4,4,3,NULL,NULL),(1,97,'2024-08-26 23:48:57','dario00',5,2,4,3,NULL,NULL),(1,98,'2024-08-26 23:55:41','dario00',5,2,4,3,NULL,NULL),(1,99,'2024-08-27 00:07:22','dario00',5,0,4,1,NULL,NULL),(1,101,'2024-08-27 00:16:13','dario00',5,4,3,6,4,5),(1,102,'2024-08-27 00:18:43','dario00',5,4,4,5,NULL,NULL),(1,103,'2024-08-27 00:30:31','dario00',5,6,4,5,NULL,NULL),(1,105,'2024-08-27 00:38:42','dario00',5,4,4,3,NULL,NULL),(1,106,'2024-08-27 00:47:07','dario00',5,4,4,5,NULL,NULL),(1,107,'2024-08-27 00:52:28','dario00',5,4,4,3,NULL,NULL),(1,108,'2024-08-27 00:56:59','dario00',5,2,4,3,NULL,NULL),(1,109,'2024-08-27 00:59:27','dario00',5,2,4,3,NULL,NULL),(1,110,'2024-08-27 01:08:33','dario00',5,4,4,3,NULL,NULL),(1,111,'2024-08-27 01:52:44','dario00',5,0,4,1,NULL,NULL),(1,112,'2024-08-27 02:01:18','dario00',5,6,4,5,NULL,NULL),(1,113,'2024-08-27 02:11:49','dario00',5,4,4,5,NULL,NULL),(1,114,'2024-08-27 02:15:29','dario00',5,4,4,5,NULL,NULL),(1,115,'2024-08-27 02:27:08','dario00',5,4,4,5,NULL,NULL),(1,116,'2024-08-27 02:33:41','dario00',5,6,4,5,NULL,NULL),(1,117,'2024-08-27 02:36:56','dario00',5,4,4,3,NULL,NULL),(1,118,'2024-08-27 02:39:38','dario00',5,6,4,5,NULL,NULL),(1,119,'2024-08-27 02:41:39','dario00',5,4,4,3,NULL,NULL),(1,120,'2024-08-27 02:55:27','dario00',5,2,4,3,NULL,NULL),(1,121,'2024-08-27 12:32:59','dario00',5,4,4,5,NULL,NULL),(1,122,'2024-08-27 12:43:45','pippo20',5,2,4,3,NULL,NULL),(1,123,'2024-08-27 12:57:32','dario00',5,0,4,1,NULL,NULL),(1,124,'2024-08-27 13:54:14','pippo20',5,4,4,3,NULL,NULL),(1,125,'2024-08-29 09:22:49','pippo20',5,6,4,5,NULL,NULL),(1,133,'2024-09-03 14:39:17','pippo20',5,2,4,1,NULL,NULL),(1,134,'2024-09-03 15:06:01','pippo20',5,4,4,3,NULL,NULL),(1,136,'2024-09-03 15:11:33','dario00',5,2,4,3,NULL,NULL),(1,137,'2024-09-03 15:12:45','dario00',5,2,4,3,NULL,NULL),(1,139,'2024-09-03 15:39:23','dario00',5,4,4,5,NULL,NULL),(1,140,'2024-09-03 15:41:05','dario00',5,4,4,5,NULL,NULL),(1,148,'2024-09-03 16:23:43','pippo20',5,4,4,3,NULL,NULL),(1,149,'2024-09-04 11:05:30','dario00',5,6,4,5,NULL,NULL),(1,150,'2024-09-04 11:20:12','dario00',5,2,4,3,NULL,NULL),(1,151,'2024-09-04 11:25:21','dario00',5,6,4,5,NULL,NULL),(1,153,'2024-09-04 11:37:06','dario00',5,6,4,7,NULL,NULL),(1,154,'2024-09-04 11:44:00','pippo20',5,4,4,3,NULL,NULL),(1,158,'2024-09-04 14:46:33','dario00',5,4,4,3,NULL,NULL),(1,159,'2024-09-04 15:27:49','dario00',5,4,4,3,NULL,NULL),(1,165,'2024-09-04 16:57:29','marco32',5,6,4,5,NULL,NULL),(2,95,'2024-08-26 23:33:05','pippo20',4,5,2,3,3,4),(2,96,'2024-08-26 23:44:19','pippo20',4,5,2,3,3,4),(2,97,'2024-08-26 23:49:01','pippo20',5,4,4,3,NULL,NULL),(2,98,'2024-08-26 23:55:44','pippo20',4,5,3,6,NULL,NULL),(2,99,'2024-08-27 00:07:25','pippo20',4,5,2,7,3,6),(2,101,'2024-08-27 00:16:51','pippo20',6,3,4,5,5,4),(2,102,'2024-08-27 00:18:52','pippo20',5,6,4,5,NULL,NULL),(2,103,'2024-08-27 00:30:40','pippo20',4,3,2,1,3,2),(2,103,'2024-08-27 00:31:03','pippo20',5,0,3,2,4,1),(2,105,'2024-08-27 00:38:48','pippo20',4,5,2,3,3,4),(2,105,'2024-08-27 00:39:01','pippo20',5,2,3,4,4,3),(2,106,'2024-08-27 00:47:13','pippo20',5,6,4,5,NULL,NULL),(2,107,'2024-08-27 00:52:33','pippo20',4,5,2,3,3,4),(2,108,'2024-08-27 00:57:07','pippo20',5,4,4,3,NULL,NULL),(2,109,'2024-08-27 00:59:31','pippo20',5,4,4,3,NULL,NULL),(2,110,'2024-08-27 01:08:35','pippo20',4,5,2,3,3,4),(2,111,'2024-08-27 01:52:51','pippo20',4,5,2,7,3,6),(2,111,'2024-08-27 01:53:55','pippo20',6,7,5,6,NULL,NULL),(2,112,'2024-08-27 02:01:25','pippo20',5,6,4,5,NULL,NULL),(2,113,'2024-08-27 02:11:59','pippo20',5,6,4,7,NULL,NULL),(2,114,'2024-08-27 02:15:33','pippo20',5,6,4,5,NULL,NULL),(2,115,'2024-08-27 02:27:16','pippo20',5,6,4,5,NULL,NULL),(2,116,'2024-08-27 02:33:48','pippo20',5,6,4,5,NULL,NULL),(2,117,'2024-08-27 02:37:04','pippo20',5,4,4,3,NULL,NULL),(2,118,'2024-08-27 02:39:41','pippo20',5,6,4,5,NULL,NULL),(2,119,'2024-08-27 02:41:42','pippo20',5,6,4,5,NULL,NULL),(2,120,'2024-08-27 02:55:31','pippo20',5,2,4,3,NULL,NULL),(2,121,'2024-08-27 12:33:07','pippo20',5,4,4,5,NULL,NULL),(2,122,'2024-08-27 12:43:54','dario00',4,3,2,5,3,4),(2,123,'2024-08-27 12:57:48','pippo20',4,5,2,7,3,6),(2,124,'2024-08-27 13:54:20','dario00',4,5,2,3,3,4),(2,125,'2024-08-29 09:24:26','gabbone',5,2,4,3,NULL,NULL),(2,133,'2024-09-03 14:39:22','dario00',4,7,2,5,3,6),(2,134,'2024-09-03 15:06:06','dario00',5,0,4,1,NULL,NULL),(2,136,'2024-09-03 15:11:36','pippo20',4,3,2,5,3,4),(2,137,'2024-09-03 15:12:48','pippo20',4,3,2,5,3,4),(2,139,'2024-09-03 15:39:28','pippo20',5,0,4,1,NULL,NULL),(2,140,'2024-09-03 15:41:07','pippo20',5,0,4,1,NULL,NULL),(2,143,'2024-09-03 16:12:14','pippo20',5,4,4,3,NULL,NULL),(2,146,'2024-09-03 16:17:10','pippo20',4,3,3,2,NULL,NULL),(2,148,'2024-09-03 16:23:56','dario00',4,3,3,2,NULL,NULL),(2,149,'2024-09-04 11:05:47','pippo20',4,3,2,1,3,2),(2,150,'2024-09-04 11:20:15','pippo20',4,3,2,5,3,4),(2,151,'2024-09-04 11:25:25','pippo20',4,3,2,1,3,2),(2,153,'2024-09-04 11:37:09','pippo20',4,1,3,2,NULL,NULL),(2,154,'2024-09-04 11:44:04','dario00',4,5,2,3,3,4),(2,158,'2024-09-04 14:46:41','pippo20',5,0,4,1,NULL,NULL),(2,159,'2024-09-04 15:27:52','pippo20',4,5,2,3,3,4),(2,165,'2024-09-04 16:57:34','dario00',4,3,2,1,3,2),(3,96,'2024-08-26 23:44:33','dario00',6,5,4,3,5,4),(3,97,'2024-08-26 23:49:07','dario00',4,3,2,1,3,2),(3,98,'2024-08-26 23:55:49','dario00',4,3,3,2,NULL,NULL),(3,99,'2024-08-27 00:07:34','dario00',5,4,4,3,NULL,NULL),(3,102,'2024-08-27 00:18:58','dario00',4,5,2,3,3,4),(3,103,'2024-08-27 00:31:20','dario00',5,4,4,3,NULL,NULL),(3,106,'2024-08-27 00:47:27','dario00',4,5,2,3,3,4),(3,106,'2024-08-27 00:47:48','dario00',5,2,4,1,NULL,NULL),(3,108,'2024-08-27 00:57:19','dario00',4,3,2,1,3,2),(3,109,'2024-08-27 00:59:35','dario00',4,3,2,1,3,2),(3,110,'2024-08-27 01:09:00','dario00',5,6,4,7,NULL,NULL),(3,111,'2024-08-27 01:54:11','dario00',5,2,4,1,NULL,NULL),(3,112,'2024-08-27 02:01:38','dario00',5,0,4,1,NULL,NULL),(3,114,'2024-08-27 02:15:35','dario00',4,5,2,3,3,4),(3,115,'2024-08-27 02:27:22','dario00',4,5,2,3,3,4),(3,116,'2024-08-27 02:33:51','dario00',5,4,4,3,NULL,NULL),(3,117,'2024-08-27 02:37:08','dario00',5,6,4,5,NULL,NULL),(3,118,'2024-08-27 02:39:47','dario00',5,4,4,3,NULL,NULL),(3,119,'2024-08-27 02:41:45','dario00',5,6,4,5,NULL,NULL),(3,120,'2024-08-27 02:55:35','dario00',4,3,2,5,3,4),(3,121,'2024-08-27 12:33:13','dario00',5,0,4,1,NULL,NULL),(3,122,'2024-08-27 12:44:03','pippo20',6,3,4,1,5,2),(3,123,'2024-08-27 12:57:58','dario00',5,4,4,3,NULL,NULL),(3,124,'2024-08-27 13:54:31','pippo20',6,3,4,5,5,4),(3,125,'2024-08-29 09:24:33','pippo20',6,7,5,6,NULL,NULL),(3,133,'2024-09-03 14:39:40','pippo20',6,3,4,1,5,2),(3,134,'2024-09-03 15:06:19','pippo20',5,6,4,7,NULL,NULL),(3,136,'2024-09-03 15:11:39','dario00',6,1,4,3,5,2),(3,137,'2024-09-03 15:12:51','dario00',6,3,4,1,5,2),(3,139,'2024-09-03 15:39:32','dario00',5,6,4,7,NULL,NULL),(3,140,'2024-09-03 15:41:13','dario00',5,2,4,3,NULL,NULL),(3,148,'2024-09-03 16:24:03','pippo20',5,6,3,4,4,5),(3,149,'2024-09-04 11:05:59','dario00',6,7,4,5,5,6),(3,150,'2024-09-04 11:20:19','dario00',6,3,4,1,5,2),(3,151,'2024-09-04 11:25:29','dario00',6,7,4,5,5,6),(3,153,'2024-09-04 11:37:13','dario00',6,7,5,6,NULL,NULL),(3,154,'2024-09-04 11:44:19','pippo20',6,3,4,5,5,4),(3,158,'2024-09-04 14:46:48','dario00',5,0,4,1,NULL,NULL),(3,165,'2024-09-04 16:57:40','marco32',6,7,4,5,5,6),(4,96,'2024-08-26 23:44:50','pippo20',5,2,4,3,NULL,NULL),(4,98,'2024-08-26 23:55:53','pippo20',5,6,3,4,4,5),(4,99,'2024-08-27 00:07:39','pippo20',5,4,4,5,NULL,NULL),(4,103,'2024-08-27 00:31:27','pippo20',3,2,2,3,NULL,NULL),(4,106,'2024-08-27 00:48:28','pippo20',6,5,4,3,5,4),(4,108,'2024-08-27 00:58:44','pippo20',4,3,3,2,NULL,NULL),(4,109,'2024-08-27 00:59:43','pippo20',4,3,3,4,NULL,NULL),(4,110,'2024-08-27 01:09:32','pippo20',5,4,4,5,NULL,NULL),(4,111,'2024-08-27 01:54:17','pippo20',5,4,4,5,NULL,NULL),(4,112,'2024-08-27 02:01:52','pippo20',6,7,5,6,NULL,NULL),(4,114,'2024-08-27 02:17:12','pippo20',5,0,4,1,NULL,NULL),(4,115,'2024-08-27 02:27:50','pippo20',6,5,4,3,5,4),(4,116,'2024-08-27 02:33:55','pippo20',4,3,2,1,3,2),(4,116,'2024-08-27 02:34:22','pippo20',4,5,2,3,3,4),(4,117,'2024-08-27 02:37:12','pippo20',4,3,2,1,3,2),(4,118,'2024-08-27 02:39:51','pippo20',4,3,2,1,3,2),(4,118,'2024-08-27 02:39:59','pippo20',4,5,2,3,3,4),(4,119,'2024-08-27 02:41:49','pippo20',4,3,2,1,3,2),(4,120,'2024-08-27 02:55:39','pippo20',6,1,4,3,5,2),(4,121,'2024-08-27 12:33:32','pippo20',4,5,2,7,3,6),(4,122,'2024-08-27 12:44:18','dario00',5,2,4,3,NULL,NULL),(4,123,'2024-08-27 12:58:06','pippo20',5,4,4,5,NULL,NULL),(4,125,'2024-08-29 09:25:08','gabbone',4,5,3,4,NULL,NULL),(4,133,'2024-09-03 14:39:53','dario00',5,4,4,5,NULL,NULL),(4,134,'2024-09-03 15:06:24','dario00',4,1,3,2,NULL,NULL),(4,136,'2024-09-03 15:11:41','pippo20',5,2,4,3,NULL,NULL),(4,137,'2024-09-03 15:12:54','pippo20',5,6,4,5,NULL,NULL),(4,139,'2024-09-03 15:39:36','pippo20',4,3,2,1,3,2),(4,140,'2024-09-03 15:41:17','pippo20',4,3,2,5,3,4),(4,143,'2024-09-03 16:13:31','pippo20',4,5,3,4,NULL,NULL),(4,148,'2024-09-03 16:24:43','dario00',5,0,4,1,NULL,NULL),(4,149,'2024-09-04 11:06:04','pippo20',5,0,4,1,NULL,NULL),(4,150,'2024-09-04 11:20:22','pippo20',5,4,4,5,NULL,NULL),(4,151,'2024-09-04 11:25:32','pippo20',5,0,4,1,NULL,NULL),(4,153,'2024-09-04 11:37:16','pippo20',3,2,1,0,2,1),(4,154,'2024-09-04 11:44:25','dario00',5,4,4,3,NULL,NULL),(4,158,'2024-09-04 14:46:51','pippo20',4,5,2,7,3,6),(4,165,'2024-09-04 16:57:43','dario00',5,0,4,1,NULL,NULL),(5,96,'2024-08-26 23:44:58','dario00',4,3,2,5,3,4),(5,98,'2024-08-26 23:55:59','dario00',5,4,4,5,NULL,NULL),(5,99,'2024-08-27 00:07:48','dario00',4,3,2,1,3,2),(5,103,'2024-08-27 00:31:32','dario00',6,5,4,7,5,6),(5,103,'2024-08-27 00:31:40','dario00',4,3,2,5,3,4),(5,108,'2024-08-27 00:58:47','dario00',5,6,3,4,4,5),(5,109,'2024-08-27 00:59:48','dario00',5,4,3,2,4,3),(5,110,'2024-08-27 01:09:41','dario00',6,5,4,3,5,4),(5,110,'2024-08-27 01:09:43','dario00',4,3,2,1,3,2),(5,111,'2024-08-27 01:54:35','dario00',4,1,2,3,3,2),(5,112,'2024-08-27 02:02:04','dario00',6,1,5,0,NULL,NULL),(5,114,'2024-08-27 02:17:22','dario00',5,2,4,3,NULL,NULL),(5,115,'2024-08-27 02:28:05','dario00',5,2,4,3,NULL,NULL),(5,119,'2024-08-27 02:42:12','dario00',4,3,3,4,NULL,NULL),(5,120,'2024-08-27 02:55:43','dario00',5,0,4,1,NULL,NULL),(5,121,'2024-08-27 12:33:47','dario00',4,5,2,3,3,4),(5,122,'2024-08-27 12:44:25','pippo20',4,1,3,2,NULL,NULL),(5,123,'2024-08-27 12:58:21','dario00',4,3,2,1,3,2),(5,125,'2024-08-29 09:25:14','pippo20',5,4,3,2,4,3),(5,133,'2024-09-03 14:39:59','pippo20',4,1,2,3,3,2),(5,134,'2024-09-03 15:06:29','pippo20',6,7,5,6,NULL,NULL),(5,136,'2024-09-03 15:11:44','dario00',4,3,2,5,3,4),(5,137,'2024-09-03 15:12:57','dario00',4,1,2,3,3,2),(5,139,'2024-09-03 15:39:41','dario00',6,7,4,5,5,6),(5,139,'2024-09-03 15:39:42','dario00',4,5,2,7,3,6),(5,140,'2024-09-03 15:41:20','dario00',4,5,2,7,3,6),(5,148,'2024-09-03 16:25:42','pippo20',4,3,3,2,NULL,NULL),(5,149,'2024-09-04 11:06:08','dario00',4,5,2,7,3,6),(5,150,'2024-09-04 11:20:26','dario00',4,1,2,3,3,2),(5,151,'2024-09-04 11:25:35','dario00',4,5,2,7,3,6),(5,153,'2024-09-04 11:37:20','dario00',6,5,5,6,NULL,NULL),(5,154,'2024-09-04 11:44:29','pippo20',4,5,2,3,3,4),(5,158,'2024-09-04 14:47:02','dario00',5,6,4,7,NULL,NULL),(5,165,'2024-09-04 16:57:49','marco32',4,5,2,7,3,6),(6,96,'2024-08-26 23:45:05','pippo20',6,1,4,3,5,2),(6,98,'2024-08-26 23:56:03','pippo20',3,4,2,5,NULL,NULL),(6,99,'2024-08-27 00:07:58','pippo20',6,5,5,4,NULL,NULL),(6,110,'2024-08-27 01:13:53','pippo20',6,5,5,4,NULL,NULL),(6,112,'2024-08-27 02:02:22','pippo20',7,6,6,7,NULL,NULL),(6,114,'2024-08-27 02:17:39','pippo20',6,5,4,3,5,4),(6,114,'2024-08-27 02:17:48','pippo20',4,5,2,3,3,4),(6,115,'2024-08-27 02:28:17','pippo20',7,6,6,5,NULL,NULL),(6,119,'2024-08-27 02:42:17','pippo20',5,2,3,4,4,3),(6,120,'2024-08-27 02:55:49','pippo20',4,5,2,7,3,6),(6,121,'2024-08-27 12:34:36','pippo20',6,3,5,2,NULL,NULL),(6,122,'2024-08-27 12:44:32','dario00',4,3,3,4,NULL,NULL),(6,123,'2024-08-27 12:58:36','pippo20',6,7,4,5,5,6),(6,125,'2024-08-29 09:25:37','gabbone',5,4,3,6,4,5),(6,133,'2024-09-03 14:40:11','dario00',6,5,4,3,5,4),(6,134,'2024-09-03 15:06:34','dario00',4,5,2,3,3,4),(6,140,'2024-09-03 15:41:24','pippo20',5,4,4,3,NULL,NULL),(6,148,'2024-09-03 16:25:50','dario00',5,2,3,4,4,3),(6,149,'2024-09-04 11:06:28','pippo20',5,2,4,1,NULL,NULL),(6,150,'2024-09-04 11:20:30','pippo20',6,3,4,5,5,4),(6,151,'2024-09-04 11:25:39','pippo20',5,2,4,1,NULL,NULL),(6,153,'2024-09-04 11:37:25','pippo20',5,4,4,3,NULL,NULL),(6,154,'2024-09-04 11:44:32','dario00',6,7,5,6,NULL,NULL),(6,158,'2024-09-04 14:47:15','pippo20',6,3,5,4,NULL,NULL),(6,165,'2024-09-04 16:57:54','dario00',6,1,5,2,NULL,NULL),(7,96,'2024-08-26 23:45:14','dario00',5,6,4,7,NULL,NULL),(7,98,'2024-08-26 23:56:13','dario00',5,0,3,2,4,1),(7,99,'2024-08-27 00:08:06','dario00',2,1,1,2,NULL,NULL),(7,110,'2024-08-27 01:14:04','dario00',2,1,1,2,NULL,NULL),(7,112,'2024-08-27 02:02:28','dario00',4,5,2,3,3,4),(7,112,'2024-08-27 02:02:29','dario00',2,3,0,1,1,2),(7,112,'2024-08-27 02:02:33','dario00',0,1,1,2,NULL,NULL),(7,115,'2024-08-27 02:28:25','dario00',5,6,4,5,NULL,NULL),(7,119,'2024-08-27 02:42:21','dario00',5,2,3,4,4,3),(7,120,'2024-08-27 02:55:56','dario00',5,6,4,7,NULL,NULL),(7,121,'2024-08-27 12:34:53','dario00',5,2,4,1,NULL,NULL),(7,122,'2024-08-27 12:44:39','pippo20',3,2,2,3,NULL,NULL),(7,123,'2024-08-27 12:59:13','dario00',5,2,4,1,NULL,NULL),(7,125,'2024-08-29 09:25:57','pippo20',5,0,3,2,4,1),(7,133,'2024-09-03 14:40:23','pippo20',5,4,4,3,NULL,NULL),(7,134,'2024-09-03 15:06:38','pippo20',5,6,3,4,4,5),(7,140,'2024-09-03 15:41:30','dario00',5,6,4,5,NULL,NULL),(7,149,'2024-09-04 11:06:40','dario00',5,4,4,5,NULL,NULL),(7,150,'2024-09-04 11:20:34','dario00',5,0,4,1,NULL,NULL),(7,151,'2024-09-04 11:25:45','dario00',5,4,4,5,NULL,NULL),(7,153,'2024-09-04 11:37:31','dario00',7,6,6,5,NULL,NULL),(7,154,'2024-09-04 11:44:35','pippo20',5,2,4,1,NULL,NULL),(7,158,'2024-09-04 14:47:23','dario00',6,5,5,6,NULL,NULL),(7,165,'2024-09-04 16:57:58','marco32',5,4,4,5,NULL,NULL),(8,96,'2024-08-26 23:45:21','pippo20',4,3,3,2,NULL,NULL),(8,99,'2024-08-27 00:08:09','pippo20',6,7,5,6,NULL,NULL),(8,110,'2024-08-27 01:14:14','pippo20',6,7,5,6,NULL,NULL),(8,112,'2024-08-27 02:03:36','pippo20',6,3,5,4,NULL,NULL),(8,115,'2024-08-27 02:28:29','pippo20',4,3,2,1,3,2),(8,119,'2024-08-27 02:44:04','pippo20',6,5,5,6,NULL,NULL),(8,120,'2024-08-27 02:55:59','pippo20',5,0,4,1,NULL,NULL),(8,121,'2024-08-27 12:35:06','pippo20',6,5,4,3,5,4),(8,122,'2024-08-27 12:44:46','dario00',6,3,5,2,NULL,NULL),(8,123,'2024-08-27 12:59:22','pippo20',5,2,4,3,NULL,NULL),(8,125,'2024-08-29 09:26:24','gabbone',6,5,5,4,NULL,NULL),(8,133,'2024-09-03 14:40:26','dario00',4,3,2,5,3,4),(8,134,'2024-09-03 15:06:42','dario00',5,2,3,4,4,3),(8,140,'2024-09-03 15:41:33','pippo20',4,3,2,1,3,2),(8,149,'2024-09-04 11:06:46','pippo20',6,1,5,2,NULL,NULL),(8,150,'2024-09-04 11:20:38','pippo20',4,5,2,7,3,6),(8,151,'2024-09-04 11:25:50','pippo20',4,1,2,3,3,2),(8,153,'2024-09-04 11:37:35','pippo20',1,0,0,1,NULL,NULL),(8,154,'2024-09-04 11:44:39','dario00',7,6,6,7,NULL,NULL),(8,158,'2024-09-04 14:47:27','pippo20',5,4,4,3,NULL,NULL),(8,165,'2024-09-04 16:58:01','dario00',5,2,4,3,NULL,NULL),(9,96,'2024-08-26 23:45:27','dario00',4,7,3,6,NULL,NULL),(9,99,'2024-08-27 00:08:15','dario00',5,2,4,3,NULL,NULL),(9,110,'2024-08-27 01:14:21','dario00',5,0,4,1,NULL,NULL),(9,112,'2024-08-27 02:03:49','dario00',1,2,3,4,2,3),(9,112,'2024-08-27 02:04:24','dario00',5,4,4,5,NULL,NULL),(9,119,'2024-08-27 02:44:09','dario00',3,4,2,3,NULL,NULL),(9,120,'2024-08-27 02:56:03','dario00',4,7,2,5,3,6),(9,121,'2024-08-27 12:35:18','dario00',4,1,3,2,NULL,NULL),(9,122,'2024-08-27 12:45:20','pippo20',2,3,1,4,NULL,NULL),(9,123,'2024-08-27 12:59:31','dario00',4,1,2,3,3,2),(9,125,'2024-08-29 09:26:35','pippo20',5,2,4,1,NULL,NULL),(9,133,'2024-09-03 14:40:32','pippo20',6,1,4,3,5,2),(9,149,'2024-09-04 11:06:53','dario00',4,5,3,4,NULL,NULL),(9,150,'2024-09-04 11:20:44','dario00',7,2,6,3,NULL,NULL),(9,151,'2024-09-04 11:25:54','dario00',6,5,4,3,5,4),(9,153,'2024-09-04 11:38:14','dario00',5,2,4,3,NULL,NULL),(9,154,'2024-09-04 11:44:42','pippo20',2,3,0,1,1,2),(9,158,'2024-09-04 14:47:41','dario00',6,3,5,4,NULL,NULL),(9,165,'2024-09-04 16:58:07','marco32',2,7,1,6,NULL,NULL),(10,96,'2024-08-26 23:45:34','pippo20',3,2,2,3,NULL,NULL),(10,99,'2024-08-27 00:08:18','pippo20',7,6,6,7,NULL,NULL),(10,110,'2024-08-27 01:14:25','pippo20',7,6,6,7,NULL,NULL),(10,119,'2024-08-27 02:44:20','pippo20',7,6,6,5,NULL,NULL),(10,120,'2024-08-27 02:56:08','pippo20',6,3,4,1,5,2),(10,121,'2024-08-27 12:35:34','pippo20',5,6,3,4,4,5),(10,122,'2024-08-27 12:45:25','dario00',6,5,5,4,NULL,NULL),(10,123,'2024-08-27 12:59:43','pippo20',4,3,3,4,NULL,NULL),(10,125,'2024-08-29 09:27:03','gabbone',4,3,3,4,NULL,NULL),(10,133,'2024-09-03 14:40:42','dario00',5,2,4,3,NULL,NULL),(10,149,'2024-09-04 11:06:57','pippo20',5,2,3,4,4,3),(10,150,'2024-09-04 11:20:48','pippo20',2,7,0,5,1,6),(10,151,'2024-09-04 11:26:00','pippo20',5,6,4,5,NULL,NULL),(10,153,'2024-09-04 11:38:19','pippo20',0,1,1,0,NULL,NULL),(10,154,'2024-09-04 11:44:55','dario00',5,6,4,5,NULL,NULL),(10,165,'2024-09-04 16:58:12','dario00',7,0,5,2,6,1),(11,96,'2024-08-26 23:45:44','dario00',7,6,6,5,NULL,NULL),(11,99,'2024-08-27 00:12:30','dario00',1,2,0,1,NULL,NULL),(11,110,'2024-08-27 01:14:29','dario00',1,2,0,1,NULL,NULL),(11,119,'2024-08-27 02:44:24','dario00',2,3,0,1,1,2),(11,120,'2024-08-27 02:56:13','dario00',5,4,4,5,NULL,NULL),(11,121,'2024-08-27 12:35:55','dario00',6,3,5,2,NULL,NULL),(11,122,'2024-08-27 12:45:36','pippo20',5,4,4,5,NULL,NULL),(11,123,'2024-08-27 13:00:02','dario00',6,3,5,4,NULL,NULL),(11,125,'2024-08-29 09:27:27','pippo20',6,1,5,0,NULL,NULL),(11,133,'2024-09-03 14:40:49','pippo20',7,0,6,1,NULL,NULL),(11,149,'2024-09-04 11:07:01','dario00',5,2,3,4,4,3),(11,150,'2024-09-04 11:21:25','dario00',5,4,4,3,NULL,NULL),(11,151,'2024-09-04 11:26:03','dario00',4,3,2,1,3,2),(11,153,'2024-09-04 11:38:29','dario00',4,3,2,5,3,4),(11,154,'2024-09-04 11:45:05','pippo20',0,1,1,2,NULL,NULL),(11,165,'2024-09-04 16:58:18','marco32',6,5,5,6,NULL,NULL),(12,96,'2024-08-26 23:45:50','pippo20',2,3,0,1,1,2),(12,99,'2024-08-27 00:12:43','pippo20',5,4,4,5,NULL,NULL),(12,110,'2024-08-27 01:15:01','pippo20',5,6,4,5,NULL,NULL),(12,119,'2024-08-27 02:45:13','pippo20',7,4,6,5,NULL,NULL),(12,120,'2024-08-27 02:56:15','pippo20',4,1,2,3,3,2),(12,121,'2024-08-27 12:36:12','pippo20',5,2,4,1,NULL,NULL),(12,122,'2024-08-27 12:45:43','dario00',7,4,6,5,NULL,NULL),(12,123,'2024-08-27 13:00:12','pippo20',3,4,2,5,NULL,NULL),(12,125,'2024-08-29 09:27:51','gabbone',7,6,6,5,NULL,NULL),(12,133,'2024-09-03 14:40:55','dario00',4,3,2,5,3,4),(12,133,'2024-09-03 14:40:56','dario00',2,5,0,7,1,6),(12,149,'2024-09-04 11:07:21','pippo20',6,3,5,4,NULL,NULL),(12,150,'2024-09-04 11:21:30','pippo20',0,5,2,3,1,4),(12,151,'2024-09-04 11:26:06','pippo20',6,7,4,5,5,6),(12,153,'2024-09-04 11:38:36','pippo20',6,1,4,3,5,2),(12,154,'2024-09-04 11:45:13','dario00',4,5,3,4,NULL,NULL),(12,165,'2024-09-04 16:58:22','dario00',5,2,4,1,NULL,NULL),(13,96,'2024-08-26 23:46:16','dario00',7,4,6,5,NULL,NULL),(13,110,'2024-08-27 01:15:06','dario00',0,1,1,2,NULL,NULL),(13,119,'2024-08-27 02:45:18','dario00',0,1,2,3,1,2),(13,119,'2024-08-27 02:45:21','dario00',2,3,4,1,3,2),(13,120,'2024-08-27 02:56:19','dario00',6,5,4,3,5,4),(13,121,'2024-08-27 12:36:28','dario00',5,6,4,7,NULL,NULL),(13,122,'2024-08-27 12:46:13','pippo20',1,4,0,3,NULL,NULL),(13,123,'2024-08-27 13:00:30','dario00',5,4,4,3,NULL,NULL),(13,125,'2024-08-29 09:28:08','pippo20',3,2,2,1,NULL,NULL),(13,133,'2024-09-03 14:41:17','pippo20',7,2,6,1,NULL,NULL),(13,149,'2024-09-04 11:07:29','dario00',3,4,2,5,NULL,NULL),(13,150,'2024-09-04 11:21:37','dario00',4,3,3,4,NULL,NULL),(13,151,'2024-09-04 11:26:10','dario00',5,0,4,1,NULL,NULL),(13,153,'2024-09-04 11:38:40','dario00',5,4,4,3,NULL,NULL),(13,154,'2024-09-04 11:45:17','pippo20',6,5,5,4,NULL,NULL),(13,165,'2024-09-04 16:58:26','marco32',4,5,2,7,3,6),(14,96,'2024-08-26 23:46:49','pippo20',0,1,2,3,1,2),(14,96,'2024-08-26 23:46:52','pippo20',2,3,3,2,NULL,NULL),(14,110,'2024-08-27 01:15:16','pippo20',6,7,5,6,NULL,NULL),(14,119,'2024-08-27 02:45:37','pippo20',6,1,5,2,NULL,NULL),(14,120,'2024-08-27 02:56:23','pippo20',4,3,2,5,3,4),(14,121,'2024-08-27 12:36:41','pippo20',4,1,3,2,NULL,NULL),(14,122,'2024-08-27 12:46:35','dario00',3,4,2,3,NULL,NULL),(14,123,'2024-08-27 13:00:41','pippo20',7,6,6,7,NULL,NULL),(14,125,'2024-08-29 09:28:18','gabbone',6,5,4,7,5,6),(14,125,'2024-08-29 09:28:21','gabbone',4,7,2,5,3,6),(14,133,'2024-09-03 14:41:26','dario00',0,7,2,5,1,6),(14,149,'2024-09-04 11:07:34','pippo20',7,2,6,3,NULL,NULL),(14,150,'2024-09-04 11:21:41','pippo20',6,1,5,2,NULL,NULL),(14,151,'2024-09-04 11:26:13','pippo20',4,5,2,7,3,6),(14,153,'2024-09-04 11:38:47','pippo20',1,0,3,2,2,1),(14,154,'2024-09-04 11:45:21','dario00',3,4,1,2,2,3),(14,165,'2024-09-04 16:58:30','dario00',7,2,6,1,NULL,NULL),(15,96,'2024-08-26 23:47:46','dario00',5,2,4,3,NULL,NULL),(15,110,'2024-08-27 01:15:21','dario00',1,2,3,0,2,1),(15,119,'2024-08-27 02:45:41','dario00',4,1,3,2,NULL,NULL),(15,120,'2024-08-27 02:56:26','dario00',6,3,4,1,5,2),(15,121,'2024-08-27 12:36:55','dario00',6,5,5,6,NULL,NULL),(15,122,'2024-08-27 12:46:49','pippo20',0,3,1,4,NULL,NULL),(15,123,'2024-08-27 13:00:55','dario00',2,3,0,1,1,2),(15,125,'2024-08-29 09:28:36','pippo20',6,3,4,1,5,2),(15,133,'2024-09-03 14:41:32','pippo20',5,0,4,1,NULL,NULL),(15,149,'2024-09-04 11:07:40','dario00',2,5,1,6,NULL,NULL),(15,150,'2024-09-04 11:21:46','dario00',3,4,1,6,2,5),(15,151,'2024-09-04 11:26:17','dario00',5,2,4,1,NULL,NULL),(15,153,'2024-09-04 11:38:54','dario00',6,5,5,6,NULL,NULL),(15,154,'2024-09-04 11:45:24','pippo20',7,4,6,3,NULL,NULL),(15,165,'2024-09-04 16:58:34','marco32',2,7,0,5,1,6),(16,119,'2024-08-27 02:45:55','pippo20',5,6,4,7,NULL,NULL),(16,120,'2024-08-27 02:56:31','pippo20',5,6,4,5,NULL,NULL),(16,121,'2024-08-27 12:37:08','pippo20',6,7,5,6,NULL,NULL),(16,122,'2024-08-27 12:46:59','dario00',5,6,4,7,NULL,NULL),(16,123,'2024-08-27 13:01:18','pippo20',7,4,6,5,NULL,NULL),(16,125,'2024-08-29 09:28:55','gabbone',6,1,5,2,NULL,NULL),(16,133,'2024-09-03 14:41:36','dario00',2,5,4,7,3,6),(16,149,'2024-09-04 11:08:02','pippo20',7,0,5,2,6,1),(16,150,'2024-09-04 11:21:49','pippo20',7,2,6,3,NULL,NULL),(16,151,'2024-09-04 11:26:32','pippo20',6,3,5,2,NULL,NULL),(16,153,'2024-09-04 11:39:03','pippo20',5,0,4,1,NULL,NULL),(16,154,'2024-09-04 11:45:27','dario00',1,2,0,3,NULL,NULL),(16,165,'2024-09-04 16:58:41','dario00',5,4,4,5,NULL,NULL),(17,119,'2024-08-27 02:46:30','dario00',6,5,5,4,NULL,NULL),(17,120,'2024-08-27 02:56:43','dario00',4,1,2,3,3,2),(17,121,'2024-08-27 12:37:27','dario00',4,7,3,6,NULL,NULL),(17,122,'2024-08-27 12:48:05','pippo20',5,6,4,7,NULL,NULL),(17,123,'2024-08-27 13:01:25','dario00',0,1,2,3,1,2),(17,125,'2024-08-29 09:30:18','pippo20',4,1,3,0,NULL,NULL),(17,133,'2024-09-03 14:42:00','pippo20',5,6,4,7,NULL,NULL),(17,149,'2024-09-04 11:08:29','dario00',2,7,1,6,NULL,NULL),(17,150,'2024-09-04 11:21:54','dario00',1,6,0,5,NULL,NULL),(17,151,'2024-09-04 11:26:48','dario00',6,3,5,4,NULL,NULL),(17,153,'2024-09-04 11:39:14','dario00',4,7,2,5,3,6),(17,154,'2024-09-04 11:45:40','pippo20',1,2,2,3,NULL,NULL),(17,165,'2024-09-04 16:58:45','marco32',0,5,2,3,1,4),(17,165,'2024-09-04 16:58:47','marco32',2,3,4,5,3,4),(18,119,'2024-08-27 02:46:35','pippo20',2,1,1,2,NULL,NULL),(18,120,'2024-08-27 02:56:47','pippo20',6,5,4,3,5,4),(18,121,'2024-08-27 12:37:49','pippo20',3,4,2,3,NULL,NULL),(18,122,'2024-08-27 12:48:34','dario00',4,7,3,6,NULL,NULL),(18,123,'2024-08-27 13:02:04','pippo20',2,5,1,4,NULL,NULL),(18,125,'2024-08-29 09:30:31','gabbone',5,4,4,3,NULL,NULL),(18,133,'2024-09-03 14:42:04','dario00',6,3,5,4,NULL,NULL),(18,149,'2024-09-04 11:08:37','pippo20',5,2,4,3,NULL,NULL),(18,150,'2024-09-04 11:22:11','pippo20',6,3,5,2,NULL,NULL),(18,151,'2024-09-04 11:26:55','pippo20',7,2,6,3,NULL,NULL),(18,153,'2024-09-04 11:39:23','pippo20',4,3,2,5,3,4),(18,154,'2024-09-04 11:45:48','dario00',0,3,2,5,1,4),(18,154,'2024-09-04 11:45:51','dario00',2,5,4,7,3,6),(18,165,'2024-09-04 16:58:51','dario00',4,5,3,4,NULL,NULL),(19,119,'2024-08-27 02:46:39','dario00',6,7,5,6,NULL,NULL),(19,120,'2024-08-27 02:56:53','dario00',6,7,5,6,NULL,NULL),(19,121,'2024-08-27 12:38:14','dario00',5,2,4,3,NULL,NULL),(19,122,'2024-08-27 12:49:17','pippo20',1,4,0,3,NULL,NULL),(19,123,'2024-08-27 13:02:14','dario00',2,3,1,2,NULL,NULL),(19,125,'2024-08-29 09:31:29','pippo20',3,0,2,1,NULL,NULL),(19,133,'2024-09-03 14:42:07','pippo20',6,5,5,4,NULL,NULL),(19,149,'2024-09-04 11:08:42','dario00',1,6,0,7,NULL,NULL),(19,151,'2024-09-04 11:27:07','dario00',2,7,0,5,1,6),(19,153,'2024-09-04 11:39:35','dario00',5,6,4,7,NULL,NULL),(19,154,'2024-09-04 11:46:09','pippo20',2,3,3,2,NULL,NULL),(19,165,'2024-09-04 16:58:55','marco32',5,2,3,4,4,3),(20,119,'2024-08-27 02:46:46','pippo20',6,3,5,4,NULL,NULL),(20,120,'2024-08-27 02:56:56','pippo20',4,3,3,2,NULL,NULL),(20,121,'2024-08-27 12:38:41','pippo20',7,6,6,7,NULL,NULL),(20,123,'2024-08-27 13:02:25','pippo20',6,7,5,6,NULL,NULL),(20,125,'2024-08-29 09:31:40','gabbone',6,7,4,5,5,6),(20,133,'2024-09-03 14:42:12','dario00',5,4,4,5,NULL,NULL),(20,149,'2024-09-04 11:09:06','pippo20',4,1,3,2,NULL,NULL),(20,151,'2024-09-04 11:28:00','pippo20',6,5,5,6,NULL,NULL),(20,153,'2024-09-04 11:39:50','pippo20',6,3,4,1,5,2),(20,154,'2024-09-04 11:46:12','dario00',4,7,3,6,NULL,NULL),(20,165,'2024-09-04 16:58:58','dario00',6,5,5,4,NULL,NULL),(21,119,'2024-08-27 02:46:51','dario00',7,6,6,7,NULL,NULL),(21,120,'2024-08-27 02:56:59','dario00',5,6,3,4,4,5),(21,121,'2024-08-27 12:38:52','dario00',4,3,3,2,NULL,NULL),(21,123,'2024-08-27 13:02:46','dario00',6,1,5,2,NULL,NULL),(21,125,'2024-08-29 09:31:51','pippo20',4,5,2,3,3,4),(21,133,'2024-09-03 14:42:17','pippo20',5,4,4,3,NULL,NULL),(21,149,'2024-09-04 11:09:21','dario00',6,5,5,6,NULL,NULL),(21,151,'2024-09-04 11:28:06','dario00',4,1,3,2,NULL,NULL),(21,153,'2024-09-04 11:39:54','dario00',4,7,2,5,3,6),(21,154,'2024-09-04 11:46:22','pippo20',5,6,4,5,NULL,NULL),(21,165,'2024-09-04 16:59:02','marco32',3,4,1,2,2,3),(22,119,'2024-08-27 02:47:02','pippo20',1,2,0,1,NULL,NULL),(22,120,'2024-08-27 02:57:02','pippo20',6,7,5,6,NULL,NULL),(22,121,'2024-08-27 12:39:03','pippo20',5,6,3,4,4,5),(22,123,'2024-08-27 13:02:57','pippo20',2,7,1,6,NULL,NULL),(22,125,'2024-08-29 09:32:08','gabbone',5,2,4,3,NULL,NULL),(22,133,'2024-09-03 14:42:27','dario00',4,5,2,3,3,4),(22,149,'2024-09-04 11:09:27','pippo20',3,2,1,0,2,1),(22,153,'2024-09-04 11:39:57','pippo20',7,4,6,3,NULL,NULL),(22,154,'2024-09-04 11:46:26','dario00',3,6,5,4,4,5),(22,165,'2024-09-04 16:59:07','dario00',7,6,5,4,6,5),(23,119,'2024-08-27 02:47:22','dario00',5,6,4,5,NULL,NULL),(23,120,'2024-08-27 02:57:07','dario00',3,4,2,3,NULL,NULL),(23,121,'2024-08-27 12:39:24','dario00',3,6,2,5,NULL,NULL),(23,123,'2024-08-27 13:03:07','dario00',1,2,3,0,2,1),(23,125,'2024-08-29 09:32:17','pippo20',2,3,1,2,NULL,NULL),(23,133,'2024-09-03 14:42:31','pippo20',7,4,6,3,NULL,NULL),(23,149,'2024-09-04 11:09:32','dario00',7,6,6,5,NULL,NULL),(23,153,'2024-09-04 11:40:02','dario00',2,5,0,3,1,4),(23,154,'2024-09-04 11:46:39','pippo20',4,5,3,4,NULL,NULL),(23,165,'2024-09-04 16:59:11','marco32',4,5,3,4,NULL,NULL),(24,119,'2024-08-27 02:47:27','pippo20',0,1,1,2,NULL,NULL),(24,120,'2024-08-27 02:57:10','pippo20',7,6,6,5,NULL,NULL),(24,121,'2024-08-27 12:39:30','pippo20',3,4,2,5,NULL,NULL),(24,123,'2024-08-27 13:03:18','pippo20',6,3,5,4,NULL,NULL),(24,125,'2024-08-29 09:32:22','gabbone',7,4,5,6,6,5),(24,133,'2024-09-03 14:42:36','dario00',2,3,0,5,1,4),(24,149,'2024-09-04 11:09:36','pippo20',1,0,0,1,NULL,NULL),(24,153,'2024-09-04 11:40:55','pippo20',7,2,6,3,NULL,NULL),(24,154,'2024-09-04 11:46:50','dario00',6,7,5,6,NULL,NULL),(24,165,'2024-09-04 16:59:23','dario00',7,4,6,3,NULL,NULL),(25,119,'2024-08-27 02:47:36','dario00',5,4,4,3,NULL,NULL),(25,120,'2024-08-27 02:57:14','dario00',2,3,0,1,1,2),(25,121,'2024-08-27 12:39:39','dario00',7,6,6,5,NULL,NULL),(25,123,'2024-08-27 13:03:28','dario00',7,2,5,4,6,3),(25,125,'2024-08-29 09:32:28','pippo20',5,6,4,7,NULL,NULL),(25,133,'2024-09-03 14:42:47','pippo20',7,6,6,5,NULL,NULL),(25,149,'2024-09-04 11:10:11','dario00',5,0,4,1,NULL,NULL),(25,154,'2024-09-04 11:46:55','pippo20',6,1,5,2,NULL,NULL),(25,165,'2024-09-04 16:59:28','marco32',3,4,1,2,2,3),(25,165,'2024-09-04 16:59:29','marco32',1,2,3,0,2,1),(26,119,'2024-08-27 02:47:47','pippo20',1,2,2,3,NULL,NULL),(26,120,'2024-08-27 02:57:20','pippo20',7,4,6,5,NULL,NULL),(26,121,'2024-08-27 12:39:47','pippo20',2,3,1,4,NULL,NULL),(26,123,'2024-08-27 13:03:54','pippo20',1,6,0,5,NULL,NULL),(26,125,'2024-08-29 09:32:48','gabbone',5,0,4,1,NULL,NULL),(26,133,'2024-09-03 14:42:56','dario00',0,5,1,4,NULL,NULL),(26,149,'2024-09-04 11:10:29','pippo20',4,3,3,4,NULL,NULL),(26,154,'2024-09-04 11:47:03','dario00',5,2,3,4,4,3),(26,154,'2024-09-04 11:47:05','dario00',3,4,1,6,2,5),(26,165,'2024-09-04 16:59:33','dario00',6,7,5,6,NULL,NULL),(27,119,'2024-08-27 02:47:52','dario00',4,3,3,4,NULL,NULL),(27,120,'2024-08-27 02:57:23','dario00',0,1,2,3,1,2),(27,121,'2024-08-27 12:40:04','dario00',2,5,1,4,NULL,NULL),(27,123,'2024-08-27 13:04:20','dario00',5,2,4,1,NULL,NULL),(27,125,'2024-08-29 09:33:02','pippo20',4,7,2,5,3,6),(27,125,'2024-08-29 09:33:03','pippo20',2,5,0,3,1,4),(27,133,'2024-09-03 14:43:05','pippo20',6,5,5,4,NULL,NULL),(27,154,'2024-09-04 11:47:14','pippo20',7,0,5,2,6,1),(27,165,'2024-09-04 16:59:37','marco32',3,0,1,2,2,1),(28,119,'2024-08-27 02:48:02','pippo20',2,3,3,4,NULL,NULL),(28,120,'2024-08-27 02:57:30','pippo20',5,6,4,5,NULL,NULL),(28,121,'2024-08-27 12:40:15','pippo20',3,2,2,3,NULL,NULL),(28,123,'2024-08-27 13:05:13','pippo20',5,4,4,5,NULL,NULL),(28,125,'2024-08-29 09:33:19','gabbone',7,2,6,1,NULL,NULL),(28,133,'2024-09-03 14:43:10','dario00',4,7,3,6,NULL,NULL),(28,154,'2024-09-04 11:47:23','dario00',6,1,5,2,NULL,NULL),(28,165,'2024-09-04 16:59:41','dario00',6,3,5,4,NULL,NULL),(29,119,'2024-08-27 02:48:09','dario00',3,2,5,4,4,3),(29,120,'2024-08-27 02:57:34','dario00',2,3,4,1,3,2),(29,121,'2024-08-27 12:40:30','dario00',6,1,4,3,5,2),(29,121,'2024-08-27 12:40:33','dario00',4,3,2,5,3,4),(29,123,'2024-08-27 13:05:38','dario00',5,6,4,5,NULL,NULL),(29,125,'2024-08-29 09:33:36','pippo20',0,3,1,2,NULL,NULL),(29,133,'2024-09-03 14:43:20','pippo20',6,7,5,6,NULL,NULL),(29,154,'2024-09-04 11:47:27','pippo20',5,2,4,3,NULL,NULL),(29,165,'2024-09-04 16:59:45','marco32',1,2,3,4,2,3),(30,119,'2024-08-27 02:48:56','pippo20',5,2,3,4,4,3),(30,120,'2024-08-27 02:57:38','pippo20',7,2,6,3,NULL,NULL),(30,121,'2024-08-27 12:40:57','pippo20',2,3,0,1,1,2),(30,123,'2024-08-27 13:06:02','pippo20',4,5,2,7,3,6),(30,125,'2024-08-29 09:33:48','gabbone',5,6,4,7,NULL,NULL),(30,133,'2024-09-03 14:43:32','dario00',5,0,4,1,NULL,NULL),(30,154,'2024-09-04 11:47:30','dario00',5,2,4,3,NULL,NULL),(31,119,'2024-08-27 02:49:03','dario00',5,4,3,2,4,3),(31,119,'2024-08-27 02:49:05','dario00',3,2,1,4,2,3),(31,120,'2024-08-27 02:57:42','dario00',4,1,3,2,NULL,NULL),(31,121,'2024-08-27 12:41:31','dario00',7,4,5,2,6,3),(31,123,'2024-08-27 13:06:17','dario00',4,5,3,4,NULL,NULL),(31,125,'2024-08-29 09:34:05','pippo20',1,2,2,3,NULL,NULL),(31,133,'2024-09-03 14:43:52','pippo20',5,6,4,5,NULL,NULL),(31,154,'2024-09-04 11:47:37','pippo20',6,7,5,6,NULL,NULL),(32,119,'2024-08-27 02:49:15','pippo20',5,0,4,1,NULL,NULL),(32,120,'2024-08-27 02:57:49','pippo20',6,3,5,4,NULL,NULL),(32,123,'2024-08-27 13:06:38','pippo20',0,5,1,4,NULL,NULL),(32,125,'2024-08-29 09:34:11','gabbone',4,3,3,2,NULL,NULL),(32,133,'2024-09-03 14:43:58','dario00',3,6,2,5,NULL,NULL),(32,154,'2024-09-04 11:47:45','dario00',7,0,6,1,NULL,NULL),(33,119,'2024-08-27 02:49:17','dario00',4,5,2,7,3,6),(33,120,'2024-08-27 02:57:54','dario00',3,2,1,4,2,3),(33,123,'2024-08-27 13:06:53','dario00',3,0,4,1,NULL,NULL),(33,125,'2024-08-29 09:34:41','pippo20',6,5,5,6,NULL,NULL),(33,133,'2024-09-03 14:44:04','pippo20',5,4,4,3,NULL,NULL),(33,154,'2024-09-04 11:47:49','pippo20',4,3,2,5,3,4),(33,154,'2024-09-04 11:47:50','pippo20',2,5,0,7,1,6),(34,119,'2024-08-27 02:49:23','pippo20',4,7,3,6,NULL,NULL),(34,120,'2024-08-27 02:58:00','pippo20',7,0,6,1,NULL,NULL),(34,123,'2024-08-27 13:07:08','pippo20',2,7,1,6,NULL,NULL),(34,125,'2024-08-29 09:34:52','gabbone',3,2,1,0,2,1),(34,133,'2024-09-03 14:44:21','dario00',2,5,4,3,3,4),(34,133,'2024-09-03 14:44:23','dario00',4,3,2,1,3,2),(34,154,'2024-09-04 11:47:56','dario00',7,2,6,1,NULL,NULL),(35,119,'2024-08-27 02:49:26','dario00',5,0,3,2,4,1),(35,120,'2024-08-27 02:58:02','dario00',6,1,5,2,NULL,NULL),(35,123,'2024-08-27 13:07:42','dario00',4,1,5,2,NULL,NULL),(35,125,'2024-08-29 09:34:57','pippo20',7,6,6,5,NULL,NULL),(35,133,'2024-09-03 14:44:41','pippo20',4,7,2,5,3,6),(35,154,'2024-09-04 11:48:02','pippo20',0,7,2,5,1,6),(36,119,'2024-08-27 02:49:33','pippo20',6,7,5,6,NULL,NULL),(36,120,'2024-08-27 02:58:08','pippo20',6,1,5,2,NULL,NULL),(36,123,'2024-08-27 13:08:05','pippo20',1,4,3,6,2,5),(36,125,'2024-08-29 09:35:02','gabbone',1,0,0,1,NULL,NULL),(36,133,'2024-09-03 14:44:49','dario00',1,4,2,3,NULL,NULL),(36,154,'2024-09-04 11:48:17','dario00',5,0,4,1,NULL,NULL),(37,119,'2024-08-27 02:49:36','dario00',3,2,1,0,2,1),(37,120,'2024-08-27 02:58:12','dario00',1,4,3,6,2,5),(37,123,'2024-08-27 13:08:31','dario00',7,0,5,2,6,1),(37,125,'2024-08-29 09:35:57','pippo20',7,4,6,3,NULL,NULL),(37,133,'2024-09-03 14:44:54','pippo20',2,5,1,4,NULL,NULL),(37,154,'2024-09-04 11:48:25','pippo20',2,5,4,7,3,6),(38,119,'2024-08-27 02:49:43','pippo20',7,0,6,1,NULL,NULL),(38,120,'2024-08-27 02:58:16','pippo20',2,7,1,6,NULL,NULL),(38,123,'2024-08-27 13:09:04','pippo20',3,6,1,4,2,5),(38,123,'2024-08-27 13:09:05','pippo20',1,4,3,2,2,3),(38,123,'2024-08-27 13:09:07','pippo20',3,2,5,4,4,3),(38,125,'2024-08-29 09:36:05','gabbone',4,7,3,6,NULL,NULL),(38,133,'2024-09-03 14:45:02','dario00',7,4,6,5,NULL,NULL),(38,154,'2024-09-04 11:48:29','dario00',5,6,4,7,NULL,NULL),(39,119,'2024-08-27 02:49:54','dario00',1,0,0,1,NULL,NULL),(39,120,'2024-08-27 02:58:23','dario00',7,2,5,0,6,1),(39,123,'2024-08-27 13:09:22','dario00',6,5,5,4,NULL,NULL),(39,125,'2024-08-29 09:36:10','pippo20',6,5,5,6,NULL,NULL),(39,133,'2024-09-03 14:45:08','pippo20',1,4,0,3,NULL,NULL),(39,154,'2024-09-04 11:48:34','pippo20',5,0,4,1,NULL,NULL),(40,119,'2024-08-27 02:50:08','pippo20',6,1,5,2,NULL,NULL),(40,123,'2024-08-27 13:09:31','pippo20',5,4,4,5,NULL,NULL),(40,125,'2024-08-29 09:36:16','gabbone',3,4,2,5,NULL,NULL),(40,133,'2024-09-03 14:46:07','dario00',6,5,5,4,NULL,NULL),(40,154,'2024-09-04 11:48:43','dario00',5,4,4,5,NULL,NULL),(41,119,'2024-08-27 02:50:11','dario00',1,4,3,6,2,5),(41,123,'2024-08-27 13:09:43','dario00',4,3,3,4,NULL,NULL),(41,125,'2024-08-29 09:36:19','pippo20',2,3,3,4,NULL,NULL),(41,133,'2024-09-03 14:46:10','pippo20',0,3,1,4,NULL,NULL),(41,154,'2024-09-04 11:48:48','pippo20',4,7,3,6,NULL,NULL),(42,119,'2024-08-27 02:50:20','pippo20',7,2,6,1,NULL,NULL),(42,123,'2024-08-27 13:09:56','pippo20',4,5,3,4,NULL,NULL),(42,125,'2024-08-29 09:36:24','gabbone',2,5,0,3,1,4),(42,133,'2024-09-03 14:46:16','dario00',2,3,3,4,NULL,NULL),(42,154,'2024-09-04 11:48:51','dario00',6,3,5,2,NULL,NULL),(43,119,'2024-08-27 02:50:25','dario00',2,7,0,5,1,6),(43,123,'2024-08-27 13:10:04','dario00',3,4,2,3,NULL,NULL),(43,125,'2024-08-29 09:36:33','pippo20',5,6,4,7,NULL,NULL),(43,133,'2024-09-03 14:46:20','pippo20',1,4,3,2,2,3),(43,133,'2024-09-03 14:46:21','pippo20',3,2,5,4,4,3),(43,154,'2024-09-04 11:48:59','pippo20',7,2,6,3,NULL,NULL),(44,123,'2024-08-27 13:10:13','pippo20',3,4,1,2,2,3),(44,125,'2024-08-29 09:36:43','gabbone',0,3,1,2,NULL,NULL),(44,133,'2024-09-03 14:46:29','dario00',2,1,3,2,NULL,NULL),(44,154,'2024-09-04 11:49:05','dario00',7,4,6,5,NULL,NULL),(45,123,'2024-08-27 13:10:23','dario00',2,3,1,2,NULL,NULL),(45,125,'2024-08-29 09:37:05','pippo20',3,4,4,3,NULL,NULL),(45,133,'2024-09-03 14:46:33','pippo20',5,4,3,6,4,5),(45,154,'2024-09-04 11:49:12','pippo20',7,6,6,5,NULL,NULL),(46,123,'2024-08-27 13:10:31','pippo20',6,1,5,2,NULL,NULL),(46,125,'2024-08-29 09:37:17','gabbone',1,2,2,3,NULL,NULL),(46,133,'2024-09-03 14:46:41','dario00',6,1,5,2,NULL,NULL),(46,154,'2024-09-04 11:49:18','dario00',6,5,5,4,NULL,NULL),(47,123,'2024-08-27 13:10:44','dario00',1,2,0,3,NULL,NULL),(47,125,'2024-08-29 09:37:37','pippo20',4,3,6,5,5,4),(47,133,'2024-09-03 14:46:49','pippo20',3,6,1,4,2,5),(47,154,'2024-09-04 11:49:23','pippo20',5,6,4,5,NULL,NULL),(48,123,'2024-08-27 13:10:59','pippo20',5,2,4,3,NULL,NULL),(48,125,'2024-08-29 09:38:02','gabbone',0,1,2,3,1,2),(48,133,'2024-09-03 14:46:56','dario00',7,2,6,1,NULL,NULL),(48,154,'2024-09-04 11:49:35','dario00',4,7,2,5,3,6),(48,154,'2024-09-04 11:49:37','dario00',2,5,0,3,1,4),(48,154,'2024-09-04 11:49:39','dario00',0,3,2,1,1,2),(48,154,'2024-09-04 11:49:42','dario00',2,1,4,3,3,2),(49,123,'2024-08-27 13:11:07','dario00',7,4,6,3,NULL,NULL),(49,125,'2024-08-29 09:39:52','pippo20',7,2,6,3,NULL,NULL),(49,133,'2024-09-03 14:47:09','pippo20',1,4,0,3,NULL,NULL),(49,154,'2024-09-04 11:49:48','pippo20',3,6,1,4,2,5),(50,123,'2024-08-27 13:11:23','pippo20',4,3,3,4,NULL,NULL),(50,125,'2024-08-29 09:40:01','gabbone',2,3,0,5,1,4),(50,133,'2024-09-03 14:47:12','dario00',6,1,5,2,NULL,NULL),(50,154,'2024-09-04 11:49:54','dario00',4,3,5,2,NULL,NULL),(51,123,'2024-08-27 13:11:33','dario00',6,3,5,4,NULL,NULL),(51,125,'2024-08-29 09:40:07','pippo20',7,0,6,1,NULL,NULL),(51,133,'2024-09-03 14:47:15','pippo20',0,3,1,4,NULL,NULL),(51,154,'2024-09-04 11:49:58','pippo20',1,4,0,5,NULL,NULL),(52,123,'2024-08-27 13:11:47','pippo20',3,4,2,5,NULL,NULL),(52,125,'2024-08-29 09:40:14','gabbone',6,1,5,0,NULL,NULL),(52,133,'2024-09-03 14:47:24','dario00',7,6,6,5,NULL,NULL),(52,154,'2024-09-04 11:50:08','dario00',5,4,4,3,NULL,NULL),(53,123,'2024-08-27 13:11:57','dario00',5,4,4,3,NULL,NULL),(53,125,'2024-08-29 09:40:27','pippo20',6,1,5,2,NULL,NULL),(53,133,'2024-09-03 14:47:27','pippo20',1,4,3,6,2,5),(53,154,'2024-09-04 11:50:17','pippo20',0,5,1,4,NULL,NULL),(54,123,'2024-08-27 13:12:12','pippo20',7,2,6,3,NULL,NULL),(54,125,'2024-08-29 09:40:36','gabbone',3,6,1,4,2,5),(54,133,'2024-09-03 14:47:31','dario00',6,5,5,4,NULL,NULL),(54,154,'2024-09-04 11:50:24','dario00',5,2,7,4,6,3),(55,123,'2024-08-27 13:12:29','dario00',6,7,5,6,NULL,NULL),(55,125,'2024-08-29 09:40:45','pippo20',5,0,4,1,NULL,NULL),(55,133,'2024-09-03 14:47:50','pippo20',3,6,2,5,NULL,NULL),(56,123,'2024-08-27 13:12:41','pippo20',1,2,3,0,2,1),(56,125,'2024-08-29 09:40:49','gabbone',4,5,2,7,3,6),(56,133,'2024-09-03 14:47:53','dario00',5,4,4,3,NULL,NULL),(57,123,'2024-08-27 13:12:56','dario00',0,3,2,5,1,4),(57,125,'2024-08-29 09:40:53','pippo20',4,7,3,6,NULL,NULL),(57,133,'2024-09-03 14:48:00','pippo20',2,5,4,3,3,4),(58,123,'2024-08-27 13:13:08','pippo20',7,0,6,1,NULL,NULL),(58,125,'2024-08-29 09:41:01','gabbone',5,0,3,2,4,1),(58,133,'2024-09-03 14:48:06','dario00',6,7,5,6,NULL,NULL),(59,123,'2024-08-27 13:13:19','dario00',4,3,3,2,NULL,NULL),(59,133,'2024-09-03 14:48:11','pippo20',4,3,3,2,NULL,NULL),(60,123,'2024-08-27 13:13:33','pippo20',3,0,4,1,NULL,NULL),(60,133,'2024-09-03 14:48:15','dario00',7,0,6,1,NULL,NULL),(61,123,'2024-08-27 13:13:41','dario00',2,5,4,7,3,6),(61,133,'2024-09-03 14:48:19','pippo20',3,2,1,0,2,1),(62,123,'2024-08-27 13:14:36','pippo20',2,5,1,4,NULL,NULL),(62,133,'2024-09-03 14:48:26','dario00',6,1,5,2,NULL,NULL),(63,123,'2024-08-27 13:14:45','dario00',3,2,2,3,NULL,NULL),(63,133,'2024-09-03 14:48:36','pippo20',1,0,2,1,NULL,NULL),(64,123,'2024-08-27 13:15:10','pippo20',1,4,0,3,NULL,NULL),(64,133,'2024-09-03 14:48:39','dario00',5,2,4,3,NULL,NULL),(65,123,'2024-08-27 13:15:20','dario00',2,3,1,4,NULL,NULL),(65,133,'2024-09-03 14:48:43','pippo20',2,1,3,2,NULL,NULL),(66,123,'2024-08-27 13:15:47','pippo20',6,1,5,2,NULL,NULL),(66,133,'2024-09-03 14:48:48','dario00',4,3,3,4,NULL,NULL),(67,123,'2024-08-27 13:15:57','dario00',1,4,0,5,NULL,NULL),(67,133,'2024-09-03 14:48:53','pippo20',3,2,4,1,NULL,NULL),(68,123,'2024-08-27 13:16:14','pippo20',5,0,4,1,NULL,NULL),(68,133,'2024-09-03 14:49:01','dario00',3,4,2,5,NULL,NULL),(69,123,'2024-08-27 13:16:22','dario00',7,6,6,7,NULL,NULL),(69,133,'2024-09-03 14:49:04','pippo20',4,1,6,3,5,2),(70,123,'2024-08-27 13:16:30','pippo20',5,2,4,3,NULL,NULL),(71,123,'2024-08-27 13:16:35','dario00',4,7,2,5,3,6),(71,123,'2024-08-27 13:16:40','dario00',2,5,4,3,3,4),(72,123,'2024-08-27 13:16:48','pippo20',0,3,1,2,NULL,NULL),(73,123,'2024-08-27 13:16:55','dario00',6,7,5,6,NULL,NULL),(74,123,'2024-08-27 13:17:03','pippo20',1,2,3,0,2,1),(75,123,'2024-08-27 13:17:18','dario00',4,3,5,4,NULL,NULL),(76,123,'2024-08-27 13:17:26','pippo20',3,0,2,1,NULL,NULL),(77,123,'2024-08-27 13:17:33','dario00',5,4,4,5,NULL,NULL),(78,123,'2024-08-27 13:17:51','pippo20',2,1,4,3,3,2),(79,123,'2024-08-27 13:18:13','dario00',0,5,1,4,NULL,NULL),(80,123,'2024-08-27 13:18:18','pippo20',4,3,5,4,NULL,NULL),(81,123,'2024-08-27 13:18:26','dario00',1,4,3,2,2,3);
/*!40000 ALTER TABLE `mossa` ENABLE KEYS */;
UNLOCK TABLES;

--
-- Table structure for table `partita`
--

DROP TABLE IF EXISTS `partita`;
/*!40101 SET @saved_cs_client     = @@character_set_client */;
/*!40101 SET character_set_client = utf8 */;
CREATE TABLE `partita` (
  `Codice` int(11) NOT NULL AUTO_INCREMENT,
  `G1` varchar(60) NOT NULL,
  `G2` varchar(60) NOT NULL,
  `IstantePartita` timestamp NOT NULL DEFAULT CURRENT_TIMESTAMP,
  `Vincitore` varchar(60) DEFAULT NULL,
  PRIMARY KEY (`Codice`)
) ENGINE=InnoDB AUTO_INCREMENT=169 DEFAULT CHARSET=utf8mb4;
/*!40101 SET character_set_client = @saved_cs_client */;

--
-- Dumping data for table `partita`
--

LOCK TABLES `partita` WRITE;
/*!40000 ALTER TABLE `partita` DISABLE KEYS */;
INSERT INTO `partita` VALUES (138,'dario00','pippo20','2024-09-03 15:29:45','pippo20'),(139,'dario00','pippo20','2024-09-03 15:35:26','dario00'),(140,'dario00','pippo20','2024-09-03 15:40:56','pippo20'),(141,'dario00','pippo20','2024-09-03 16:03:23','pippo20'),(142,'pippo20','dario00','2024-09-03 16:06:05','dario00'),(143,'dario00','pippo20','2024-09-03 16:10:09','pippo20'),(144,'dario00','pippo20','2024-09-03 16:13:49','pippo20'),(145,'pippo20','dario00','2024-09-03 16:14:46','dario00'),(146,'dario00','pippo20','2024-09-03 16:16:55','pippo20'),(147,'pippo20','dario00','2024-09-03 16:18:27','dario00'),(148,'pippo20','dario00','2024-09-03 16:23:16','dario00'),(149,'dario00','pippo20','2024-09-04 11:04:48','pippo20'),(150,'dario00','pippo20','2024-09-04 11:19:41','pippo20'),(151,'dario00','pippo20','2024-09-04 11:25:05','dario00'),(152,'dario00','pippo20','2024-09-04 11:31:30','pippo20'),(153,'dario00','pippo20','2024-09-04 11:33:36','pippo20'),(154,'pippo20','dario00','2024-09-04 11:42:45','dario00'),(155,'pippo20','dario00','2024-09-04 14:33:27','dario00'),(156,'dario00','pippo20','2024-09-04 14:35:36','pippo20'),(157,'dario00','pippo20','2024-09-04 14:35:57','pippo20'),(158,'dario00','pippo20','2024-09-04 14:45:58','pippo20'),(159,'dario00','pippo20','2024-09-04 15:27:36','pippo20'),(160,'dario00','pippo20','2024-09-04 15:30:38','pippo20'),(161,'pippo20','dario00','2024-09-04 15:32:16','dario00'),(162,'dario00','pippo20','2024-09-04 16:10:53','pippo20'),(163,'dario00','pippo20','2024-09-04 16:21:14','pippo20'),(164,'marco32','dario00','2024-09-04 16:53:26','dario00'),(165,'marco32','dario00','2024-09-04 16:57:02','marco32'),(166,'marco32','dario00','2024-09-04 17:00:36','dario00'),(167,'marco32','dario00','2024-09-04 17:01:30','dario00'),(168,'dario00','marco32','2024-09-04 17:32:23','marco32');
/*!40000 ALTER TABLE `partita` ENABLE KEYS */;
UNLOCK TABLES;

--
-- Table structure for table `utente`
--

DROP TABLE IF EXISTS `utente`;
/*!40101 SET @saved_cs_client     = @@character_set_client */;
/*!40101 SET character_set_client = utf8 */;
CREATE TABLE `utente` (
  `username` varchar(60) NOT NULL,
  `hash` varchar(128) NOT NULL,
  PRIMARY KEY (`username`)
) ENGINE=InnoDB DEFAULT CHARSET=utf8mb4;
/*!40101 SET character_set_client = @saved_cs_client */;

--
-- Dumping data for table `utente`
--

LOCK TABLES `utente` WRITE;
/*!40000 ALTER TABLE `utente` DISABLE KEYS */;
INSERT INTO `utente` VALUES ('dario00','$2y$10$zILF/2mPdSOj.isr1DfGxeEpaEvLVhcOMGTagXBVF13TTYuKx9n9m'),('marco32','$2y$10$vBjewJkDwGmbKK83pTHl.e/xLbjdvuMVhtUWTkLR1k4L2WSjGhaxq'),('pino12','$2y$10$xRLqWl2xLd3mBDPPHAvsyOV12TqteEp8UetT6HE88nPiNX/3mJkz.'),('pippo20','$2y$10$AuW9AW8r/J5lXAUCTHjiJOTkr4sy3WSYw6t3dlCw.WmvC4isE4si6');
/*!40000 ALTER TABLE `utente` ENABLE KEYS */;
UNLOCK TABLES;
/*!40103 SET TIME_ZONE=@OLD_TIME_ZONE */;

/*!40101 SET SQL_MODE=@OLD_SQL_MODE */;
/*!40014 SET FOREIGN_KEY_CHECKS=@OLD_FOREIGN_KEY_CHECKS */;
/*!40014 SET UNIQUE_CHECKS=@OLD_UNIQUE_CHECKS */;
/*!40101 SET CHARACTER_SET_CLIENT=@OLD_CHARACTER_SET_CLIENT */;
/*!40101 SET CHARACTER_SET_RESULTS=@OLD_CHARACTER_SET_RESULTS */;
/*!40101 SET COLLATION_CONNECTION=@OLD_COLLATION_CONNECTION */;
/*!40111 SET SQL_NOTES=@OLD_SQL_NOTES */;

-- Dump completed on 2024-09-04 19:46:45
